<?xml version="1.0" encoding="UTF-8"?>
<project-private xmlns="http://www.netbeans.org/ns/project-private/1">
    <editor-bookmarks xmlns="http://www.netbeans.org/ns/editor-bookmarks/2" lastBookmarkId="0"/>
    <open-files xmlns="http://www.netbeans.org/ns/projectui-open-files/2">
        <group>
            <file>file:/home/dam2/DAM2/AD/ejercicios_examen/exa15brevepTarefa/src/exa15brevep/Consultas.java</file>
            <file>file:/home/dam2/DAM2/AD/ejercicios_examen/exa15brevepTarefa/src/exa15brevep/Conexiones.java</file>
            <file>file:/home/dam2/DAM2/AD/ejercicios_examen/exa15brevepTarefa/src/exa15brevep/DatosSerializados.java</file>
            <file>file:/home/dam2/DAM2/AD/ejercicios_examen/exa15brevepTarefa/src/exa15brevep/Main.java</file>
            <file>file:/home/dam2/DAM2/AD/ejercicios_examen/exa15brevepTarefa/src/exa15brevep/Comunes.java</file>
        </group>
    </open-files>
</project-private>
